id,nombre,correo
1,Jose Suarez,jose.suarez11@gmail.com
2,Carlos Suarez,carlos.suarez87@gmail.com
3,Daniel Suarez,daniel.suarez49@gmail.com
4,Pedro Salazar,pedro.salazar91@gmail.com
5,Daniel Acosta,daniel.acosta85@gmail.com
6,Andres Flores,andres.flores67@gmail.com
7,Miguel Flores,miguel.flores68@gmail.com
8,Paula Benitez,paula.benitez90@gmail.com
9,Miguel Mora,miguel.mora18@gmail.com
10,Sofia Torres,sofia.torres60@gmail.com
11,Ana Flores,ana.flores99@gmail.com
12,Sofia Gomez,sofia.gomez66@gmail.com
13,Luis Lopez,luis.lopez65@gmail.com
14,Luis Flores,luis.flores15@gmail.com
15,Jose Castro,jose.castro82@gmail.com
16,Miguel Romero,miguel.romero59@gmail.com
17,Pedro Gomez,pedro.gomez67@gmail.com
18,Diego Lopez,diego.lopez92@gmail.com
19,Diana Romero,diana.romero86@gmail.com
20,Carlos Lopez,carlos.lopez18@gmail.com
21,Lucia Suarez,lucia.suarez43@gmail.com
22,Emily Perez,emily.perez82@gmail.com
23,Camila Castro,camila.castro71@gmail.com
24,Jose Gomez,jose.gomez27@gmail.com
25,Diego Suarez,diego.suarez45@gmail.com
26,Pedro Castro,pedro.castro94@gmail.com
27,Luis Mora,luis.mora33@gmail.com
28,Fernanda Acosta,fernanda.acosta52@gmail.com
29,Mateo Romero,mateo.romero24@gmail.com
30,Lucia Acosta,lucia.acosta28@gmail.com
31,Jose Perez,jose.perez2@gmail.com
32,Pedro Cruz,pedro.cruz61@gmail.com
33,Emily Ruiz,emily.ruiz87@gmail.com
34,Camila Paspuel,camila.paspuel92@gmail.com
35,Ana Lopez,ana.lopez61@gmail.com
36,Andres Rojas,andres.rojas47@gmail.com
37,Camila Rojas,camila.rojas50@gmail.com
38,Lucia Castro,lucia.castro3@gmail.com
39,Ana Castro,ana.castro27@gmail.com
40,Luis Castro,luis.castro1@gmail.com
41,Luis Gomez,luis.gomez94@gmail.com
42,Fernanda Navarro,fernanda.navarro34@gmail.com
43,Jose Rojas,jose.rojas67@gmail.com
44,Fernanda Torres,fernanda.torres34@gmail.com
45,Fernanda Ruiz,fernanda.ruiz48@gmail.com
46,Daniel Mora,daniel.mora2@gmail.com
47,Valeria Benitez,valeria.benitez19@gmail.com
48,Miguel Torres,miguel.torres90@gmail.com
49,Miguel Benitez,miguel.benitez4@gmail.com
50,Juan Castro,juan.castro81@gmail.com
51,Daniel Gomez,daniel.gomez14@gmail.com
52,Camila Mora,camila.mora82@gmail.com
53,Fernanda Paspuel,fernanda.paspuel45@gmail.com
54,Diego Flores,diego.flores78@gmail.com
55,Ana Acosta,ana.acosta99@gmail.com
56,Luis Cruz,luis.cruz91@gmail.com
57,Luis Acosta,luis.acosta47@gmail.com
58,Carlos Vega,carlos.vega32@gmail.com
59,Luis Paspuel,luis.paspuel81@gmail.com
60,Diana Torres,diana.torres20@gmail.com
61,Ana Benitez,ana.benitez19@gmail.com
62,Diego Perez,diego.perez69@gmail.com
63,Luis Salazar,luis.salazar83@gmail.com
64,Emily Salazar,emily.salazar93@gmail.com
65,Paula Vega,paula.vega31@gmail.com
66,Daniel Cruz,daniel.cruz12@gmail.com
67,Miguel Paspuel,miguel.paspuel30@gmail.com
68,Miguel Rojas,miguel.rojas85@gmail.com
69,Lucia Herrera,lucia.herrera62@gmail.com
70,Diana Ruiz,diana.ruiz90@gmail.com
71,Mateo Navarro,mateo.navarro72@gmail.com
72,Mateo Paspuel,mateo.paspuel64@gmail.com
73,Miguel Navarro,miguel.navarro4@gmail.com
74,Ana Mora,ana.mora16@gmail.com
75,Miguel Vega,miguel.vega53@gmail.com
76,Maria Gomez,maria.gomez80@gmail.com
77,Jose Lopez,jose.lopez69@gmail.com
78,Emily Herrera,emily.herrera26@gmail.com
79,Valeria Cruz,valeria.cruz58@gmail.com
80,Mateo Gomez,mateo.gomez40@gmail.com
81,Carlos Perez,carlos.perez8@gmail.com
82,Sofia Romero,sofia.romero21@gmail.com
83,Maria Castro,maria.castro9@gmail.com
84,Daniel Flores,daniel.flores75@gmail.com
85,Fernanda Herrera,fernanda.herrera13@gmail.com
86,Maria Flores,maria.flores52@gmail.com
87,Emily Paspuel,emily.paspuel93@gmail.com
88,Sofia Paspuel,sofia.paspuel45@gmail.com
89,Ana Gomez,ana.gomez98@gmail.com
90,Andres Ruiz,andres.ruiz70@gmail.com
91,Camila Acosta,camila.acosta41@gmail.com
92,Paula Torres,paula.torres53@gmail.com
93,Fernanda Benitez,fernanda.benitez10@gmail.com
94,Valeria Flores,valeria.flores75@gmail.com
95,Ana Cruz,ana.cruz50@gmail.com
96,Mateo Mora,mateo.mora34@gmail.com
97,Diego Rojas,diego.rojas44@gmail.com
98,Ana Navarro,ana.navarro44@gmail.com
99,Valeria Herrera,valeria.herrera1@gmail.com
100,Ana Torres,ana.torres87@gmail.com
